y[17],m_dot,fr,Q_dot_dear,Eta,Eta_ex
0.45,100.0,0.8,565.452472,0.336121408,0.565946344
